DROP TABLE EQUIPO;
DROP TABLE JUGADOR;
DROP TABLE TIPO_EVENTO;
DROP TABLE PARTIDO;
DROP TABLE EVENTO;
DROP TABLE CUENTAS_ADMIN;


--tabla: equipo

CREATE TABLE EQUIPO(
  ID_EQUIPO NUMBER(4) CONSTRAINT EQUIPO_PK PRIMARY KEY,
  NOMBRE VARCHAR2(70) CONSTRAINT EQUIPO_NOMBRE_NN NOT NULL,
  VICTORIAS NUMBER(2) DEFAULT 0 CONSTRAINT EQUIPO_VICTORIAS_NN NOT NULL,
  DERROTAS NUMBER(2)DEFAULT 0 CONSTRAINT EQUIPO_DERROTAS_NN NOT NULL,
  EMPATES NUMBER(2)DEFAULT 0 CONSTRAINT EQUIPO_EMPATES_NN NOT NULL,
  GOLES_FAVOR NUMBER(3) DEFAULT 0 CONSTRAINT EQUIPO_GOLESF_NN NOT NULL,
  GOLES_CONTRA NUMBER(3) DEFAULT 0 CONSTRAINT EQUIPO_GOLESC_NN NOT NULL
);
DESC EQUIPO;

--tabla: jugador

CREATE TABLE JUGADOR(
  ID_JUGADOR NUMBER(4) CONSTRAINT JUGADOR_PK PRIMARY KEY,
  NOMBRE VARCHAR2(70) CONSTRAINT JUGADOR_NOMBRE_NN NOT NULL,
  EDAD NUMBER(3) CONSTRAINT JUGADOR_EDAD_NN NOT NULL,
  PARTIDOS_JUGADOS NUMBER(2) DEFAULT 0 CONSTRAINT JUGADOR_PARTIDOSJ_NN NOT NULL,
  GOLES NUMBER(3) DEFAULT 0 CONSTRAINT JUGADOR_GOLES_NN NOT NULL,
  ASISTENCIAS NUMBER(3) DEFAULT 0 CONSTRAINT JUGADOR_ASIST_NN NOT NULL,
  TARJETAS_ROJAS NUMBER(3) DEFAULT 0 CONSTRAINT JUGADOR_TARROJA_NN NOT NULL,
  TARJETAS_AMARILLAS NUMBER(3) DEFAULT 0 CONSTRAINT JUGADOR_TARAM_NN NOT NULL,
  ID_EQUIPO NUMBER(4),
  CONSTRAINT EQUIPO_JUGADOR_FK FOREIGN KEY (ID_EQUIPO) REFERENCES EQUIPO(ID_EQUIPO)
);
DESC JUGADOR;


-- Tipo evento
CREATE TABLE TIPO_EVENTO(
  ID_TIPOEVENTO NUMBER(1) CONSTRAINT TIPO_EVENTO PRIMARY KEY,
  DESCRIPCION VARCHAR2(70) CONSTRAINT TIPOE_DESC_NN NOT NULL
);
DESC TIPO_EVENTO;


-- Partido
CREATE TABLE PARTIDO(
  ID_PARTIDO NUMBER(4) CONSTRAINT PARTIDO_PK PRIMARY KEY,
  FECHA DATE,
  EQUIPO_LOCAL NUMBER(4),
  EQUIPO_VISITANTE NUMBER(4),
  JORNADA NUMBER(2),
  COMPLETADO NUMBER(1) DEFAULT 0 CONSTRAINT PARTIDO_COMPLETADO_NN NOT NULL,
  GOLES_LOCAL NUMBER(2) CONSTRAINT PARTIDO_GOLLOC_NN NOT NULL,
  GOLES_VISITANTE NUMBER(2) CONSTRAINT PARTIDO_GOLVIS_NN NOT NULL,
  CONSTRAINT EQUIPO_PARTIDO_EL_FK FOREIGN KEY (EQUIPO_LOCAL) REFERENCES EQUIPO(ID_EQUIPO),
  CONSTRAINT EQUIPO_PARTIDO_EV_FK FOREIGN KEY (EQUIPO_VISITANTE) REFERENCES EQUIPO(ID_EQUIPO)
);

DESC PARTIDO;


-- Evento
CREATE TABLE EVENTO(
  ID_EVENTO NUMBER(5) CONSTRAINT EVENTO_PK PRIMARY KEY,
  ID_TIPOEVENTO NUMBER(1)CONSTRAINT EVENTO_TE_NN NOT NULL,
  JUGADOR_PRINCIPAL NUMBER(4),
  JUGADOR_SECUNDARIO NUMBER(4),
  MINUTO NUMBER(3) CONSTRAINT EVENTO_MINUTO_NN NOT NULL,
  ID_PARTIDO NUMBER(4),
  CONSTRAINT TE_EVENTO_FK FOREIGN KEY (ID_TIPOEVENTO) REFERENCES TIPO_EVENTO(ID_TIPOEVENTO),
  CONSTRAINT JUGADOR_EVENTO_JP_FK FOREIGN KEY (JUGADOR_PRINCIPAL) REFERENCES JUGADOR(ID_JUGADOR),
  CONSTRAINT JUGADOR_EVENTO_JS_FK FOREIGN KEY (JUGADOR_SECUNDARIO) REFERENCES JUGADOR(ID_JUGADOR),
  CONSTRAINT PARTIDO_EVENTO_FK FOREIGN KEY (ID_PARTIDO) REFERENCES PARTIDO(ID_PARTIDO)
);
DESC EVENTO;


-- Cuentas Admin
CREATE TABLE CUENTAS_ADMIN(
  ID_CUENTA NUMBER(5) CONSTRAINT CUENTAS_ADMIN_PK PRIMARY KEY,
  NOMBRE VARCHAR(50) CONSTRAINT CUENTAS_ADMIN_NOM_NN NOT NULL,
  CONTRASENA VARCHAR(40) CONSTRAINT CUENTAS_ADMIN_CONTRA_NN NOT NULL
);
DESC CUENTAS_ADMIN;

-- Inserts

INSERT INTO EQUIPO VALUES (1,'REAL MADRID',18,4,6,60,30);
INSERT INTO EQUIPO VALUES (2,'BARCELONA',17,5,6,58,35);
INSERT INTO EQUIPO VALUES (3,'ATLÉTICO DE MADRID',15,7,6,50,33);
INSERT INTO EQUIPO VALUES (4,'SEVILLA',13,9,6,45,40);
INSERT INTO EQUIPO VALUES (5,'REAL BETIS',12,10,6,42,41);
INSERT INTO EQUIPO VALUES (6,'VILLARREAL',11,11,6,40,42);
INSERT INTO EQUIPO VALUES (7,'REAL SOCIEDAD',13,9,6,44,37);
INSERT INTO EQUIPO VALUES (8,'ATHLETIC CLUB',12,10,6,38,36);
INSERT INTO EQUIPO VALUES (9,'VALENCIA',10,12,6,37,39);
INSERT INTO EQUIPO VALUES (10,'GETAFE',9,13,6,32,44);
INSERT INTO EQUIPO VALUES (11,'CELTA DE VIGO',8,14,6,30,45);
INSERT INTO EQUIPO VALUES (12,'ESPANYOL',7,15,6,29,48);
INSERT INTO EQUIPO VALUES (13,'MALLORCA',9,13,6,31,43);
INSERT INTO EQUIPO VALUES (14,'OSASUNA',11,11,6,35,38);
INSERT INTO EQUIPO VALUES (15,'GRANADA',6,16,6,28,50);
INSERT INTO EQUIPO VALUES (16,'ALAVÉS',5,17,6,26,52);
INSERT INTO EQUIPO VALUES (17,'CÁDIZ',6,15,7,27,49);
INSERT INTO EQUIPO VALUES (18,'RAYO VALLECANO',10,12,6,36,40);
INSERT INTO EQUIPO VALUES (19,'ELCHE',4,18,6,22,55);
INSERT INTO EQUIPO VALUES (20,'LEVANTE',3,17,8,25,56);

INSERT INTO JUGADOR VALUES (1,'GEMIR YVANOVIC',24,22,10,5,0,3,1);
INSERT INTO JUGADOR VALUES (2,'EMIR SÁNCHEZ',21,19,4,2,1,2,2);
INSERT INTO JUGADOR VALUES (3,'JOSUÉ MARTÍNEZ',22,20,7,3,1,1,2);
INSERT INTO JUGADOR VALUES (4,'DIEGO RIVERA',28,25,5,7,0,2,3);
INSERT INTO JUGADOR VALUES (5,'LUIS PÉREZ',23,18,2,1,0,3,4);
INSERT INTO JUGADOR VALUES (6,'ÁNGEL RAMÍREZ',25,24,8,6,0,1,5);
INSERT INTO JUGADOR VALUES (7,'MIGUEL HERRERA',29,26,11,9,1,4,6);
INSERT INTO JUGADOR VALUES (8,'JUAN LÓPEZ',20,15,3,2,0,2,7);
INSERT INTO JUGADOR VALUES (9,'FERNANDO DÍAZ',27,23,4,5,2,5,8);
INSERT INTO JUGADOR VALUES (10,'IVÁN TORRES',22,20,6,4,1,1,9);
INSERT INTO JUGADOR VALUES (11,'RAFAEL MORA',24,21,5,3,0,2,10);
INSERT INTO JUGADOR VALUES (12,'JAVIER CRUZ',26,25,9,8,0,4,11);
INSERT INTO JUGADOR VALUES (13,'RICARDO LUNA',23,19,2,1,1,3,12);
INSERT INTO JUGADOR VALUES (14,'JORGE CAMPOS',21,17,3,0,0,2,13);
INSERT INTO JUGADOR VALUES (15,'DANIEL REYES',22,20,4,5,0,3,14);
INSERT INTO JUGADOR VALUES (16,'ALEJANDRO ROJAS',25,23,6,6,1,2,15);
INSERT INTO JUGADOR VALUES (17,'SERGIO NÚÑEZ',28,25,8,7,2,5,16);
INSERT INTO JUGADOR VALUES (18,'FELIPE MENDOZA',26,24,7,6,0,1,17);
INSERT INTO JUGADOR VALUES (19,'OSCAR ZAMORA',27,22,5,4,1,3,18);
INSERT INTO JUGADOR VALUES (20,'VICTOR CORTÉS',29,26,10,8,0,2,19);
INSERT INTO JUGADOR VALUES (21,'TOMÁS VÁZQUEZ',24,22,6,5,0,4,20);
INSERT INTO JUGADOR VALUES (22,'ADRIÁN SILVA',21,18,3,2,1,3,1);
INSERT INTO JUGADOR VALUES (23,'ROBERTO IBARRA',23,20,4,3,0,1,2);
INSERT INTO JUGADOR VALUES (24,'HÉCTOR AGUILAR',22,19,5,2,0,2,3);
INSERT INTO JUGADOR VALUES (25,'MAURICIO SALAS',28,25,7,6,1,2,4);
INSERT INTO JUGADOR VALUES (26,'GUSTAVO BELTRÁN',24,22,6,4,1,2,5);
INSERT INTO JUGADOR VALUES (27,'BRUNO LÓPEZ',26,24,8,7,0,3,6);
INSERT INTO JUGADOR VALUES (28,'PABLO HERRERA',23,20,4,2,1,1,7);
INSERT INTO JUGADOR VALUES (29,'RAÚL DOMÍNGUEZ',27,25,9,5,2,4,8);
INSERT INTO JUGADOR VALUES (30,'ALBERTO CARRILLO',29,26,11,9,0,3,9);
INSERT INTO JUGADOR VALUES (31,'CRISTIAN SOTO',20,17,2,1,0,2,10);
INSERT INTO JUGADOR VALUES (32,'GERARDO FUENTES',25,23,7,6,1,1,11);
INSERT INTO JUGADOR VALUES (33,'ISMAEL PADILLA',22,20,4,3,0,2,12);
INSERT INTO JUGADOR VALUES (34,'OMAR CASTRO',23,21,5,2,1,3,13);
INSERT INTO JUGADOR VALUES (35,'EDGAR VILLALOBOS',24,22,6,3,0,1,14);
INSERT INTO JUGADOR VALUES (36,'MARIO QUIROZ',27,25,7,4,1,2,15);
INSERT INTO JUGADOR VALUES (37,'AARÓN NAVARRO',28,26,9,5,0,3,16);
INSERT INTO JUGADOR VALUES (38,'LUCIANO PÉREZ',21,19,3,1,0,2,17);
INSERT INTO JUGADOR VALUES (39,'ENRIQUE ZÚÑIGA',22,20,5,2,1,3,18);
INSERT INTO JUGADOR VALUES (40,'BENJAMÍN SOLÍS',26,24,6,4,0,1,19);
INSERT INTO JUGADOR VALUES (41,'GAEL MENDOZA',24,22,4,2,0,2,20);
INSERT INTO JUGADOR VALUES (42,'DIEGO SALVADOR',23,21,5,3,1,3,1);
INSERT INTO JUGADOR VALUES (43,'JOEL LÓPEZ',25,23,7,5,0,2,2);
INSERT INTO JUGADOR VALUES (44,'IGNACIO MUÑOZ',26,24,6,6,0,4,3);
INSERT INTO JUGADOR VALUES (45,'CRUZ RIVERA',28,25,8,7,1,2,4);
INSERT INTO JUGADOR VALUES (46,'ALDO MERCADO',29,26,10,9,2,3,5);
INSERT INTO JUGADOR VALUES (47,'SAMUEL TREVIÑO',20,17,3,2,0,1,6);
INSERT INTO JUGADOR VALUES (48,'MATEO MORALES',21,18,2,1,0,3,7);
INSERT INTO JUGADOR VALUES (49,'NOÉ GUERRERO',22,20,4,3,1,2,8);
INSERT INTO JUGADOR VALUES (50,'ULISES PEÑA',24,22,5,4,0,3,9);
INSERT INTO JUGADOR VALUES (51,'EDUARDO CERVANTES',25,23,6,5,0,2,10);
INSERT INTO JUGADOR VALUES (52,'FABRICIO JIMÉNEZ',26,24,7,6,1,3,11);
INSERT INTO JUGADOR VALUES (53,'RAMIRO PALACIOS',28,25,9,7,0,1,12);
INSERT INTO JUGADOR VALUES (54,'NÉSTOR VEGA',23,21,4,3,1,2,13);
INSERT INTO JUGADOR VALUES (55,'IRVING VALDEZ',22,20,3,1,0,3,14);
INSERT INTO JUGADOR VALUES (56,'ANDRÉS MONTOYA',24,22,5,2,1,2,15);
INSERT INTO JUGADOR VALUES (57,'RENÉ CEBALLOS',27,25,8,6,0,4,16);
INSERT INTO JUGADOR VALUES (58,'LEONEL GARCÍA',29,26,10,8,1,3,17);
INSERT INTO JUGADOR VALUES (59,'RODRIGO MEJÍA',21,19,2,2,0,2,18);
INSERT INTO JUGADOR VALUES (60,'JULIÁN ALDANA',22,20,4,1,0,1,19);
INSERT INTO JUGADOR VALUES (61,'MANUEL HERNÁNDEZ',23,21,5,3,1,2,20);
INSERT INTO JUGADOR VALUES (62,'ALEXIS ZAVALA',25,23,7,5,0,3,1);
INSERT INTO JUGADOR VALUES (63,'JONATHAN ALFARO',26,24,8,7,1,1,2);
INSERT INTO JUGADOR VALUES (64,'MARCOS PACHECO',27,25,9,8,0,2,3);
INSERT INTO JUGADOR VALUES (65,'LUIS ÁVILA',29,26,11,9,2,4,4);
INSERT INTO JUGADOR VALUES (66,'GERSON MOLINA',20,17,3,2,0,2,5);
INSERT INTO JUGADOR VALUES (67,'SANTIAGO VARGAS',21,18,2,1,1,1,6);
INSERT INTO JUGADOR VALUES (68,'RENE RAMOS',22,19,4,3,0,2,7);
INSERT INTO JUGADOR VALUES (69,'ADÁN ORTIZ',24,22,6,4,1,3,8);
INSERT INTO JUGADOR VALUES (70,'ISAÍAS CHÁVEZ',26,24,7,5,0,1,9);
INSERT INTO JUGADOR VALUES (71,'ELÍAS CALDERÓN',28,25,9,6,2,2,10);
INSERT INTO JUGADOR VALUES (72,'NICO SANDOVAL',23,21,5,3,0,3,11);
INSERT INTO JUGADOR VALUES (73,'JULIO LARA',22,20,4,2,1,2,12);
INSERT INTO JUGADOR VALUES (74,'VICTOR GALLARDO',24,22,6,3,0,1,13);
INSERT INTO JUGADOR VALUES (75,'FRANCISCO COTA',25,23,7,4,1,2,14);
INSERT INTO JUGADOR VALUES (76,'OMAR DURÁN',27,25,8,5,0,3,15);
INSERT INTO JUGADOR VALUES (77,'RAIMUNDO ESCALANTE',29,26,10,7,1,2,16);
INSERT INTO JUGADOR VALUES (78,'ULISES GUEVARA',20,18,2,1,0,1,17);
INSERT INTO JUGADOR VALUES (79,'DAMIÁN MEDINA',21,19,3,2,0,2,18);
INSERT INTO JUGADOR VALUES (80,'TOBIAS MUJICA',23,21,4,2,1,1,19);
INSERT INTO JUGADOR VALUES (81,'SANTOS ROSALES',24,22,5,3,0,2,20);
INSERT INTO JUGADOR VALUES (82,'ISAAC GUZMÁN',26,24,7,5,1,3,1);
INSERT INTO JUGADOR VALUES (83,'LUIS CABELLO',28,25,9,7,0,1,2);
INSERT INTO JUGADOR VALUES (84,'DIEGO GARZA',23,21,4,3,1,2,3);
INSERT INTO JUGADOR VALUES (85,'KEVIN CARRASCO',22,20,3,2,0,3,4);
INSERT INTO JUGADOR VALUES (86,'JESÚS BALDERAS',25,23,6,4,0,1,5);
INSERT INTO JUGADOR VALUES (87,'BRAYAN FIGUEROA',26,24,8,6,1,2,6);
INSERT INTO JUGADOR VALUES (88,'NAHUEL ROSADO',27,25,9,8,0,2,7);
INSERT INTO JUGADOR VALUES (89,'MATEO SÁNCHEZ',20,17,3,1,1,1,8);
INSERT INTO JUGADOR VALUES (90,'DARIO VALENCIA',22,20,4,2,0,2,9);
INSERT INTO JUGADOR VALUES (91,'LUCAS SERRANO',23,21,5,3,1,3,10);
INSERT INTO JUGADOR VALUES (92,'IAN CERVANTES',24,22,6,4,0,2,11);
INSERT INTO JUGADOR VALUES (93,'SIMÓN MÁRQUEZ',26,24,7,5,0,1,12);
INSERT INTO JUGADOR VALUES (94,'NICO DÍAZ',28,25,10,7,2,3,13);
INSERT INTO JUGADOR VALUES (95,'FABIO CORDERO',21,19,3,2,0,2,14);
INSERT INTO JUGADOR VALUES (96,'MARTÍN OSORIO',22,20,4,1,0,3,15);
INSERT INTO JUGADOR VALUES (97,'ÁLVARO VIVAS',24,22,6,3,1,2,16);
INSERT INTO JUGADOR VALUES (98,'BRUNO CUEVAS',25,23,7,5,0,1,17);
INSERT INTO JUGADOR VALUES (99,'SEBASTIÁN MAYA',27,25,9,6,2,4,18);
INSERT INTO JUGADOR VALUES (100,'LEO PINTOS',29,26,11,8,1,2,19);


INSERT INTO TIPO_EVENTO VALUES (1,'GOL');
INSERT INTO TIPO_EVENTO VALUES (2,'ASISTENCIA');
INSERT INTO TIPO_EVENTO VALUES (3,'TARJETA ROJA');

INSERT INTO PARTIDO VALUES(1,'10/10/25',1,2,NULL,0,3,3);
INSERT INTO PARTIDO VALUES(2,'11/12/25',2,1,NULL,0,0,0);

INSERT INTO EVENTO VALUES (1,1,1,2,50,1);
INSERT INTO EVENTO VALUES (2,1,2,3,60,2);

INSERT INTO CUENTAS_ADMIN VALUES (1,'ADMIN', '1234');

-- DROP TABLE JUGADOR;
-- DROP TABLE EQUIPO;
-- DROP TABLE TIPO_EVENTO;
-- DROP TABLE PARTIDO;
-- DROP TABLE EVENTO;
-- DROP TABLE CUENTAS_ADMIN;
